{
  "acquisition_matrix": [
    110, 
    110
  ], 
  "acquisition_number": 1, 
  "effective_echo_spacing": 0.000612, 
  "exam_datetime": "20180908 160747", 
  "exam_number": 18482, 
  "flip_angle": 75, 
  "fov": [
    220, 
    220
  ], 
  "mecho_times": [
    30000
  ], 
  "mt_offset_hz": 0, 
  "mux_cal_duration": 10.8, 
  "mux_cal_file": "", 
  "mux_cal_type": "internal", 
  "num_acquired_timepoints": 386, 
  "num_bands": 3, 
  "num_echos": 1, 
  "num_mux_cal_cycle": 2, 
  "num_mux_cal_timepoints": 6, 
  "num_mux_cal_volumes_in_nifti": 2, 
  "num_muxed_slices": 21, 
  "num_receivers": 32, 
  "num_slices": 63, 
  "num_usable_volumes_in_nifti": 380, 
  "num_volumes_in_nifti": 382, 
  "operator": "", 
  "partial_ky": 0.89, 
  "patient_id": "ANON18482", 
  "phase_encode_direction": 1, 
  "phase_encode_polarity": 0, 
  "phase_encode_undersample": 1, 
  "pixel_bandwidth": 250, 
  "protocol_name": "CoreyFernandez-HSRFinal-", 
  "psd_name": "muxarcepi", 
  "receive_coil_name": "RM:Nova32ch", 
  "recon_method": "'1Dgrappa'", 
  "recon_num_virtual_coils": 16, 
  "recon_time": "2018-09-09 03:29:32.717123", 
  "recon_use_GPU": "0", 
  "recon_version": "dcc755d", 
  "scanner_name": "cnimr", 
  "series_description": "fMRI mux3 2mm pe0_run4", 
  "series_number": 10, 
  "slice_timing": [
    0.0, 
    0.942857, 
    0.085714, 
    1.028571, 
    0.171429, 
    1.114286, 
    0.257143, 
    1.2, 
    0.342857, 
    1.285714, 
    0.428571, 
    1.371429, 
    0.514286, 
    1.457143, 
    0.6, 
    1.542857, 
    0.685714, 
    1.628571, 
    0.771429, 
    1.714286, 
    0.857143, 
    0.0, 
    0.942857, 
    0.085714, 
    1.028571, 
    0.171429, 
    1.114286, 
    0.257143, 
    1.2, 
    0.342857, 
    1.285714, 
    0.428571, 
    1.371429, 
    0.514286, 
    1.457143, 
    0.6, 
    1.542857, 
    0.685714, 
    1.628571, 
    0.771429, 
    1.714286, 
    0.857143, 
    0.0, 
    0.942857, 
    0.085714, 
    1.028571, 
    0.171429, 
    1.114286, 
    0.257143, 
    1.2, 
    0.342857, 
    1.285714, 
    0.428571, 
    1.371429, 
    0.514286, 
    1.457143, 
    0.6, 
    1.542857, 
    0.685714, 
    1.628571, 
    0.771429, 
    1.714286, 
    0.857143
  ], 
  "te": 0.03, 
  "ti": 0, 
  "tr": 1.8
}